{
  "summary": {
    "timestamp": "2025-09-03T13:06:16.398746",
    "session_duration_minutes": 0.022939050000000002,
    "total_executions": 24,
    "successful_executions": 24,
    "failed_executions": 0,
    "success_rate": 1.0,
    "fallback_count": 0,
    "using_behavioral_probing": true
  },
  "performance": {
    "average_execution_time_ms": 12.75911462774578,
    "median_execution_time_ms": 5.148312498931773,
    "max_execution_time_ms": 137.8852499765344,
    "min_execution_time_ms": 4.787124984432012
  },
  "divergence_analysis": {
    "total_scores": 24,
    "mean_divergence": 0.25294673387445726,
    "std_divergence": 0.025404972363377423,
    "min_divergence": 0.22677894199666046,
    "max_divergence": 0.2945622576621228,
    "divergence_distribution": {
      "low_count": 24,
      "medium_count": 0,
      "high_count": 0
    }
  },
  "layer_statistics": {
    "0": {
      "executions": 4,
      "success_rate": 1.0,
      "average_time_ms": 49.968989747867454,
      "average_divergence": 0.25294673387445726,
      "divergence_variance": 0.0006454126207839706
    },
    "1": {
      "executions": 4,
      "success_rate": 1.0,
      "average_time_ms": 5.590895758359693,
      "average_divergence": 0.25294673387445726,
      "divergence_variance": 0.0006454126207839706
    },
    "2": {
      "executions": 4,
      "success_rate": 1.0,
      "average_time_ms": 5.166603994439356,
      "average_divergence": 0.25294673387445726,
      "divergence_variance": 0.0006454126207839706
    },
    "3": {
      "executions": 4,
      "success_rate": 1.0,
      "average_time_ms": 6.00227100221673,
      "average_divergence": 0.25294673387445726,
      "divergence_variance": 0.0006454126207839706
    },
    "4": {
      "executions": 4,
      "success_rate": 1.0,
      "average_time_ms": 4.898312501609325,
      "average_divergence": 0.25294673387445726,
      "divergence_variance": 0.0006454126207839706
    },
    "5": {
      "executions": 4,
      "success_rate": 1.0,
      "average_time_ms": 4.927614761982113,
      "average_divergence": 0.25294673387445726,
      "divergence_variance": 0.0006454126207839706
    }
  },
  "device_statistics": {
    "mps": 24
  },
  "probe_type_statistics": {
    "general": {
      "count": 24,
      "average_divergence": 0.25294673387445726,
      "divergence_std": 0.025404972363377423
    }
  },
  "fallback_events": [],
  "recommendations": []
}